Type,Area,Function,Name,Action,Groups,Roles,Agencies,Focals
,Dar es salaam,Direction and Control,Issuing operational guidelines to respond to emergencies that are consistent with the applicable legal framework,Issuing operational guidelines to respond to emergencies that are consistent with the applicable legal framework,Dar es Salaam Regional Commissioner’s Office,Regional Administrative Secretary,,
,Dar es salaam,Direction and Control,Convening DarMAERT to assess the emergency,Convening DarMAERT to assess the emergency,,Regional Administrative Secretary,,
,Dar es salaam,Direction and Control,Providing overall direction and coordination of emergency response operations,Providing overall direction and coordination of emergency response operations,,Assistant Regional Administrative Secretary Planning and Coordination,,
,Dar es salaam,Direction and Control,Activating the Emergency Operations Center when required (fully or partially),Activating the Emergency Operations Center when required (fully or partially),,DarMAERT Coordinator,,
,Dar es salaam,Direction and Control,Declaring a regional emergency when deemed necessary,Declaring a regional emergency when deemed necessary,,Regional Commissioner,,
,Dar es salaam,Direction and Control,Working with the Regional Disaster Management Committee to request national assistance from Prime Minister’s Office when required,Working with the Regional Disaster Management Committee to request national assistance from Prime Minister’s Office when required,,Regional Administrative Secretary,,
,Dar es salaam,Direction and Control,Terminating the response operations when appropriate,Terminating the response operations when appropriate,,Regional Commissioner,,
,Dar es salaam,Communication and Warning,Receiving information on emergency situations from different sources,Receiving information on emergency situations from different sources,Dar es Salaam Regional Commissioner’s Office,Planning and Coordination EOC,,
,Dar es salaam,Communication and Warning,Organizing the use of available communication systems during the emergency,Organizing the use of available communication systems during the emergency,Tanzania Red Cross Society,Planning and Coordination Department,,
,Dar es salaam,Communication and Warning,Activating backup or alternative communication systems,Activating backup or alternative communication systems,Media,Planning and Coordination Department,,
,Dar es salaam,Communication and Warning,Maintaining communications log of messages in and out of the Emergency Operations Centre,Maintaining communications log of messages in and out of the Emergency Operations Centre,Municipal Councils,Planning and Coordination Department,,
,Dar es salaam,Communication and Warning,Recording of the event and data keeping,Recording of the event and data keeping,Tanzania Meteorological Agency,Planning and Coordination Department,,
,Dar es salaam,Communication and Warning,Alerting key regional officials and other non-governmental actors on potential emergency situations,Alerting key regional officials and other non-governmental actors on potential emergency situations,Tanzania Police Force,Planning and Coordination Department,,
,Dar es salaam,Communication and Warning,"Disseminating warning information to the public through available communication means, such as public announcements, sirens, radio and television","Disseminating warning information to the public through available communication means, such as public announcements, sirens, radio and television",Telephone Companies,Regional Administrative Secretary,,
,Dar es salaam,Communication and Warning,Disseminating the official released warning instructions to the public through a network of volunteers.,Disseminating the official released warning instructions to the public through a network of volunteers.,,Tanzania Red Cross Society,,
,Dar es salaam,Communication and Warning,Receiving information on emergency situations from different sources.,Receiving information on emergency situations from different sources.,,Media,,
,Dar es salaam,Communication and Warning,Disseminating the official released warning instructions to the public through available communication means.,Disseminating the official released warning instructions to the public through available communication means.,,Municipal Councils,,
,Dar es salaam,Communication and Warning,Issuing weather forecasts and warnings for weather related hazards rests,Issuing weather forecasts and warnings for weather related hazards rests,,Tanzania Meteorological Agency ,,
,Dar es salaam,Communication and Warning,Issuing warnings for health-related risks,Issuing warnings for health-related risks,,Department of Health and Social Welfare,,
,Dar es salaam,Communication and Warning,Receiving information on emergency situations from different sources.,Receiving information on emergency situations from different sources.,,Tanzania Police Force,,
,Dar es salaam,Communication and Warning,Recording of the event and data keeping.,Recording of the event and data keeping.,,Tanzania Police Force,,
,Dar es salaam,Communication and Warning,Disseminating the official released warning information and instructions to the public through a network of volunteers.,Disseminating the official released warning information and instructions to the public through a network of volunteers.,,Tanzania Police Force,,
,Dar es salaam,Communication and Warning,"Providing equipment and personnel for supporting the dissemination of
warnings to the public.","Providing equipment and personnel for supporting the dissemination of
warnings to the public.",,Tanzania Police Force,,
,Dar es salaam,Communication and Warning,Disseminating the official released warning information and instructions to the public through a network of volunteers.,Disseminating the official released warning information and instructions to the public through a network of volunteers.,,Tanzania Red Cross Society,,
,Dar es salaam,Communication and Warning,Broadcasting the official released warning and emergency information and instructions to the public.,Broadcasting the official released warning and emergency information and instructions to the public.,,Media,,
,Dar es salaam,Communication and Warning,Relaying officially released information to their customers through bulk messages.,Relaying officially released information to their customers through bulk messages.,,Telephone Companies,,
,Dar es salaam,Evacuation,"Releasing evacuation information to the public, emphasizing on the need to evacuate.","Releasing evacuation information to the public, emphasizing on the need to evacuate.",Ambulance Services,Tanzania Police Force,Tanzania Police Force,
,Dar es salaam,Evacuation,Developing the evacuation plan with primary and alternative evacuation routes on map and activation of such a plan.,Developing the evacuation plan with primary and alternative evacuation routes on map and activation of such a plan.,Hospitals,Tanzania Police Force,Tanzania Fire and Rescue Force,
,Dar es salaam,Evacuation,Estimating the number of people to be evacuated and identifying means to transport them.,Estimating the number of people to be evacuated and identifying means to transport them.,Dar es Salaam Regional Commissioner’s Office,Tanzania Police Force,Tanzania Red Cross Society,
,Dar es salaam,Evacuation,Identifying potential challenges (e.g. narrow bridges) of using the selected routes.,Identifying potential challenges (e.g. narrow bridges) of using the selected routes.,Municipal Councils,Tanzania Police Force,Tanzania People’s Defense Force,
,Dar es salaam,Evacuation,Estimating the time needed to accomplish the evacuation.,Estimating the time needed to accomplish the evacuation.,,Tanzania Police Force,Tanzania Scouts Association,
,Dar es salaam,Evacuation,Informing the public about the need to evacuate.,Informing the public about the need to evacuate.,,Tanzania Police Force,Public and Private Transport Agencies,
,Dar es salaam,Evacuation,Providing traffic control and keeping evacuation routes open and secure.,Providing traffic control and keeping evacuation routes open and secure.,,Tanzania Police Force,Tanzania National Roads Agency ,
,Dar es salaam,Evacuation,Issuing evacuation order and instructions,Issuing evacuation order and instructions,,Regional Commissioner,,
,Dar es salaam,Evacuation,"Releasing evacuation information to the public, emphasizing on the need to evacuate","Releasing evacuation information to the public, emphasizing on the need to evacuate",,Regional Commissioner,,
,Dar es salaam,Evacuation,Providing transport of evacuees to the reception sites,Providing transport of evacuees to the reception sites,,Department of Administration and Human Resources Management,,
,Dar es salaam,Evacuation,Providing transport of evacuees to the reception sites.,Providing transport of evacuees to the reception sites.,,Ambulance Services,,
,Dar es salaam,Evacuation,"Evacuating patients from affected hospitals, health centers and dispensaries.","Evacuating patients from affected hospitals, health centers and dispensaries.",,Ambulance Services,,
,Dar es salaam,Evacuation,"Evacuating patients from affected hospitals, health centers and dispensaries.","Evacuating patients from affected hospitals, health centers and dispensaries.",,Hospitals,,
,Dar es salaam,Evacuation,Developing the evacuation plan with primary and alternative evacuation routes on map and activation of such a plan.,Developing the evacuation plan with primary and alternative evacuation routes on map and activation of such a plan.,,Dar es Salaam Regional Commissioner’s Office,,
,Dar es salaam,Evacuation,Developing the evacuation plan with primary and alternative evacuation routes on map and activation of such a plan.,Developing the evacuation plan with primary and alternative evacuation routes on map and activation of such a plan.,,Municipal Councils,,
,Dar es salaam,Evacuation,"Releasing evacuation information to the public, emphasizing on the need to evacuate.","Releasing evacuation information to the public, emphasizing on the need to evacuate.",,Municipal Councils,,
,Dar es salaam,Evacuation,Estimating the number of people to be evacuated and identifying means to transport them.,Estimating the number of people to be evacuated and identifying means to transport them.,,Municipal Councils,,
,Dar es salaam,Evacuation,"Assisting in evacuating the most vulnerable groups of the population, such as the elder, children, pregnant women and people with disabilities.","Assisting in evacuating the most vulnerable groups of the population, such as the elder, children, pregnant women and people with disabilities.",,Municipal Councils,,
,Dar es salaam,Evacuation,Providing transport of evacuees to the reception sites.,Providing transport of evacuees to the reception sites.,,Tanzania Fire and Rescue Force,,
,Dar es salaam,Evacuation,"Assisting in evacuating the most vulnerable groups of the population, such as the elder, children, pregnant women and people with disabilities.","Assisting in evacuating the most vulnerable groups of the population, such as the elder, children, pregnant women and people with disabilities.",,Tanzania Fire and Rescue Force,,
,Dar es salaam,Evacuation,Providing transport of evacuees to the reception sites.,Providing transport of evacuees to the reception sites.,,Tanzania Fire and Rescue Force,,
,Dar es salaam,Evacuation,"Assisting in evacuating the most vulnerable groups of the population, such as the elder, children, pregnant women and people with disabilities.","Assisting in evacuating the most vulnerable groups of the population, such as the elder, children, pregnant women and people with disabilities.",,Tanzania Fire and Rescue Force,,
,Dar es salaam,Evacuation,Estimating the number of people to be evacuated and identifying means to transport them.,Estimating the number of people to be evacuated and identifying means to transport them.,,Tanzania Red Cross Society,,
,Dar es salaam,Evacuation,Providing transport of evacuees to the reception sites.,Providing transport of evacuees to the reception sites.,,Tanzania Red Cross Society,,
,Dar es salaam,Evacuation,"Evacuating patients from affected hospitals, health centers and dispensaries.","Evacuating patients from affected hospitals, health centers and dispensaries.",,Tanzania Red Cross Society,,
,Dar es salaam,Evacuation,"Assisting in evacuating the most vulnerable groups of the population, such as the elder, children, pregnant women and people with disabilities.","Assisting in evacuating the most vulnerable groups of the population, such as the elder, children, pregnant women and people with disabilities.",,Tanzania Red Cross Society,,
,Dar es salaam,Evacuation,Providing transport of evacuees to the reception sites.,Providing transport of evacuees to the reception sites.,,Tanzania People’s Defense Force,,
,Dar es salaam,Evacuation,Providing traffic control and keeping evacuation routes open and secure.,Providing traffic control and keeping evacuation routes open and secure.,,Tanzania Scouts Association,,
,Dar es salaam,Evacuation,Providing transport of evacuees to the reception sites.,Providing transport of evacuees to the reception sites.,,Public and Private Transport Agencies,,
,Dar es salaam,Evacuation,"Evacuating patients from affected hospitals, health centers and dispensaries.","Evacuating patients from affected hospitals, health centers and dispensaries.",,Public and Private Transport Agencies,,
,Dar es salaam,Evacuation,"Assisting in evacuating the most vulnerable groups of the population, such as the elder, children, pregnant women and people with disabilities.","Assisting in evacuating the most vulnerable groups of the population, such as the elder, children, pregnant women and people with disabilities.",,Public and Private Transport Agencies,,
,Dar es salaam,Evacuation,Identifying potential challenges (e.g. narrow bridges) of using the selected routes.,Identifying potential challenges (e.g. narrow bridges) of using the selected routes.,,Tanzania National Roads Agency ,,
,Dar es salaam,Firefighting,"Preventing, detecting and controlling fire in the disaster area.
","Preventing, detecting and controlling fire in the disaster area.
",Private Firefighters,Tanzania Fire and Rescue Force,Tanzania Fire and Rescue Force,
,Dar es salaam,Firefighting,Providing personnel and equipment for firefighting.,Providing personnel and equipment for firefighting.,,Tanzania Fire and Rescue Force,Tanzania Electric Supply Company,
,Dar es salaam,Firefighting,"Coordinating firefighting activities, including private firefighting companies responding to the disaster.","Coordinating firefighting activities, including private firefighting companies responding to the disaster.",,Tanzania Fire and Rescue Force,Tanzania Scouts Association,
,Dar es salaam,Firefighting,"Preventing, detecting and controlling fire in the disaster area.","Preventing, detecting and controlling fire in the disaster area.",,Tanzania Electric Supply Company,,
,Dar es salaam,Firefighting,Disconnecting power supply from the building on fire.,Disconnecting power supply from the building on fire.,,Tanzania Electric Supply Company,,
,Dar es salaam,Firefighting,"Preventing, detecting and controlling fire in the disaster area.","Preventing, detecting and controlling fire in the disaster area.",,Tanzania Scouts Association,,
,Dar es salaam,Firefighting,"Preventing, detecting and controlling fire in the disaster area.","Preventing, detecting and controlling fire in the disaster area.",,Private Firefighters,,
,Dar es salaam,Firefighting,Providing personnel and equipment for firefighting.,Providing personnel and equipment for firefighting.,,Private Firefighters,,
,Dar es salaam,Law Enforcement,"Establishing cordons to facilitate the work of other emergency services in saving lives, protection of the public and care of survivors.","Establishing cordons to facilitate the work of other emergency services in saving lives, protection of the public and care of survivors.",Municipal Councils,Tanzania Police Force,Tanzania Police Force,
,Dar es salaam,Law Enforcement,"Providing security to the affected population and its property, and critical facilities including the EOC and shelter facilities.","Providing security to the affected population and its property, and critical facilities including the EOC and shelter facilities.",,Tanzania Police Force,Tanzania People’s Defense Force,
,Dar es salaam,Law Enforcement,Controlling the traffic and crowd.,Controlling the traffic and crowd.,,Tanzania Police Force,Tanzania Scouts Association,
,Dar es salaam,Law Enforcement,"Providing security to the affected population and its property, and critical facilities including the EOC and shelter facilities.","Providing security to the affected population and its property, and critical facilities including the EOC and shelter facilities.",,Tanzania People’s Defense Force,,
,Dar es salaam,Law Enforcement,Controlling the traffic and crowd.,Controlling the traffic and crowd.,,Tanzania People’s Defense Force,,
,Dar es salaam,Law Enforcement,Protecting property in evacuated areas and limiting access to them.,Protecting property in evacuated areas and limiting access to them.,,Municipal Councils,,
,Dar es salaam,Law Enforcement,Controlling the traffic and crowd.,Controlling the traffic and crowd.,,Tanzania Scouts Association,,
,Dar es salaam,Health and Medical Services,"Directing government and partners’ (e.g. private hospitals) efforts to perform triage and provide treatment, stabilization and medical care to the affected population.","Directing government and partners’ (e.g. private hospitals) efforts to perform triage and provide treatment, stabilization and medical care to the affected population.",Hospitals,Hospitals,Tanzania Fire and Rescue Force,
,Dar es salaam,Health and Medical Services,Conducting triage.,Conducting triage.,Ambulance Services,Hospitals,Tanzania Red Cross Society,
,Dar es salaam,Health and Medical Services,"Coordinating deployment of health/medical personnel, drugs, equipment, and supplies at the disaster site, and/or retaining them at the hospital for the incoming patients.","Coordinating deployment of health/medical personnel, drugs, equipment, and supplies at the disaster site, and/or retaining them at the hospital for the incoming patients.",,Hospitals,,
,Dar es salaam,Health and Medical Services,"Coordinating with emergency responders to isolate and decontaminate incoming patients at health facilities, if needed, to prevent spread of chemical or bacteria/virus agents to other patients and staff.","Coordinating with emergency responders to isolate and decontaminate incoming patients at health facilities, if needed, to prevent spread of chemical or bacteria/virus agents to other patients and staff.",,Hospitals,,
,Dar es salaam,Health and Medical Services,"Coordinating with emergency responders to isolate and decontaminate incoming patients in the field, if needed, to prevent spread of chemical or bacteria/virus agents to other patients and staff.","Coordinating with emergency responders to isolate and decontaminate incoming patients in the field, if needed, to prevent spread of chemical or bacteria/virus agents to other patients and staff.",,Hospitals,,
,Dar es salaam,Health and Medical Services,Providing psychosocial support to the traumatized populating.,Providing psychosocial support to the traumatized populating.,,Hospitals,,
,Dar es salaam,Health and Medical Services,Coordinating immunization and quarantine when required.,Coordinating immunization and quarantine when required.,,Hospitals,,
,Dar es salaam,Health and Medical Services,Providing life support services.,Providing life support services.,,Hospitals,,
,Dar es salaam,Health and Medical Services,Providing first aid services to the affected people.,Providing first aid services to the affected people.,,Hospitals,,
,Dar es salaam,Health and Medical Services,"Directing government and partners’ (e.g. private hospitals) efforts to perform triage and provide treatment, stabilization and medical care to the affected population.","Directing government and partners’ (e.g. private hospitals) efforts to perform triage and provide treatment, stabilization and medical care to the affected population.",,Ambulance Services,,
,Dar es salaam,Health and Medical Services,Conducting triage.,Conducting triage.,,Ambulance Services,,
,Dar es salaam,Health and Medical Services,"Coordinating deployment of health/medical personnel, drugs, equipment, and supplies at the disaster site, and/or retaining them at the hospital for the incoming patients.","Coordinating deployment of health/medical personnel, drugs, equipment, and supplies at the disaster site, and/or retaining them at the hospital for the incoming patients.",,Ambulance Services,,
,Dar es salaam,Health and Medical Services,"Coordinating with emergency responders to isolate and decontaminate incoming patients in the field, if needed, to prevent spread of chemical or bacteria/virus agents to other patients and staff.","Coordinating with emergency responders to isolate and decontaminate incoming patients in the field, if needed, to prevent spread of chemical or bacteria/virus agents to other patients and staff.",,Ambulance Services,,
,Dar es salaam,Health and Medical Services,Providing life support services.,Providing life support services.,,Ambulance Services,,
,Dar es salaam,Health and Medical Services,Providing first aid services to the affected people.,Providing first aid services to the affected people.,,Ambulance Services,,
,Dar es salaam,Health and Medical Services,"Coordinating with emergency responders to isolate and decontaminate incoming patients in the field, if needed, to prevent spread of chemical or bacteria/virus agents to other patients and staff.","Coordinating with emergency responders to isolate and decontaminate incoming patients in the field, if needed, to prevent spread of chemical or bacteria/virus agents to other patients and staff.",,Tanzania Fire and Rescue Force,,
,Dar es salaam,Health and Medical Services,Conducting triage.,Conducting triage.,,Tanzania Fire and Rescue Force,,
,Dar es salaam,Health and Medical Services,Providing psychosocial support to the traumatized populating.,Providing psychosocial support to the traumatized populating.,,Tanzania Red Cross Society,,
,Dar es salaam,Health and Medical Services,Coordinating immunization and quarantine when required.,Coordinating immunization and quarantine when required.,,Tanzania Red Cross Society,,
,Dar es salaam,Health and Medical Services,Conducting triage.,Conducting triage.,,Tanzania Red Cross Society,,
,Dar es salaam,Health and Medical Services,Providing first aid to the affected people.,Providing first aid to the affected people.,,Tanzania Red Cross Society,,
,Dar es salaam,Health and Medical Services,"Coordinating deployment of health/medical personnel, drugs, equipment, and supplies at the disaster site, and/or retaining them at the hospital for the incoming patients.","Coordinating deployment of health/medical personnel, drugs, equipment, and supplies at the disaster site, and/or retaining them at the hospital for the incoming patients.",,Municipal Council,,
,Dar es salaam,Health and Medical Services,Providing psychosocial support to the traumatized population,Providing psychosocial support to the traumatized population,,Municipal Council,,
,Dar es salaam,Health and Medical Services,Providing psychosocial support to the traumatized population,Providing psychosocial support to the traumatized population,,Private hospitals,,
,Dar es salaam,Search and Rescue,Coordinating search and rescue activities during a disaster.,Coordinating search and rescue activities during a disaster.,,Tanzania Fire and Rescue Force,Tanzania Scouts Association,
,Dar es salaam,Search and Rescue,"Detecting and extracting people trapped, lost or at risk.","Detecting and extracting people trapped, lost or at risk.",,Tanzania Fire and Rescue Force,Tanzania Red Cross Society,
,Dar es salaam,Search and Rescue,Providing transport of the rescued persons to safer areas and health facilities.,Providing transport of the rescued persons to safer areas and health facilities.,,Tanzania Fire and Rescue Force,,
,Dar es salaam,Search and Rescue,Quantifying and registering of people located and rescued.,Quantifying and registering of people located and rescued.,,Tanzania Police Force,,
,Dar es salaam,Search and Rescue,"Detecting and extracting people trapped, lost or at risk.","Detecting and extracting people trapped, lost or at risk.",,Tanzania People’s Defense Force,,
,Dar es salaam,Search and Rescue,Providing transport of the rescued persons to safer areas and health facilities.,Providing transport of the rescued persons to safer areas and health facilities.,,Tanzania Red Cross Society,,
,Dar es salaam,Search and Rescue,"Detecting and extracting people trapped, lost or at risk.","Detecting and extracting people trapped, lost or at risk.",,Private Fire and Rescue ,,
,Dar es salaam,Search and Rescue,Providing transport of the rescued persons to safer areas and health facilities.,Providing transport of the rescued persons to safer areas and health facilities.,,Private Fire and Rescue ,,
,Dar es salaam,Search and Rescue,"Detecting and extracting people trapped, lost or at risk.","Detecting and extracting people trapped, lost or at risk.",,Private Ambulance Services,,
,Dar es salaam,Search and Rescue,Providing transport of the rescued persons to safer areas and health facilities.,Providing transport of the rescued persons to safer areas and health facilities.,,Private Ambulance Services,,
,Dar es salaam,Search and Rescue,"Detecting and extracting people trapped, lost or at risk.","Detecting and extracting people trapped, lost or at risk.",,Tanzania Scouts Association,,
,Dar es salaam,Shelter and Mass Care,Planning and opening of shelter facilities,Planning and opening of shelter facilities,Regional Commissioner's Office,Regional Commissioner's Office Health and Social Welfare Department,Tanzania Red Cross Society,
,Dar es salaam,Shelter and Mass Care,Constructing temporary shelters,Constructing temporary shelters,Ambulance Services,Regional Administrative Secretary Department,Tanzania People’s Defense Force,
,Dar es salaam,Shelter and Mass Care,Managing and coordinating of shelter facilities,Managing and coordinating of shelter facilities,,Health and Social Welfare Department,Tanzania Electric Supply Company,
,Dar es salaam,Shelter and Mass Care,"Maintaining key information about the disaster affected people (e.g. names, ages and sex)","Maintaining key information about the disaster affected people (e.g. names, ages and sex)",Hospitals,Health and Social Welfare Department,Dar es Salaam Water and Sewerage Authority,
,Dar es salaam,Shelter and Mass Care,Performing family reunification,Performing family reunification,,Health and Social Welfare Department,Tanzania Police Force,
,Dar es salaam,Shelter and Mass Care,Providing psychosocial support to the affected people,Providing psychosocial support to the affected people,,Health and Social Welfare Department,Tanzania Fire and Rescue Force,
,Dar es salaam,Shelter and Mass Care,Providing health and medical services to the disaster victims and injured ones,Providing health and medical services to the disaster victims and injured ones,,Health and Social Welfare Department,Tanzania Scouts Association,
,Dar es salaam,Shelter and Mass Care,Establishing preventive health services including control of communicable diseases in the shelters,Establishing preventive health services including control of communicable diseases in the shelters,,Health and Social Welfare Department,Non Governmental Organizations,
,Dar es salaam,Shelter and Mass Care,Supplying necessary equipment for running shelter facilities and mass care,Supplying necessary equipment for running shelter facilities and mass care,,Health and Social Welfare Department,Voluntary Organizations,
,Dar es salaam,Shelter and Mass Care,Handling logistics of relief items,Handling logistics of relief items,,Procurement Management Unit,Faith-Based Organizations,
,Dar es salaam,Shelter and Mass Care,Terminating shelter operations and closing facilities,Terminating shelter operations and closing facilities,,Planning and Coordination Department,Community Based Organizations,
,Dar es salaam,Shelter and Mass Care,Planning and opening of shelter facilities,Planning and opening of shelter facilities,,Municipal Council,,
,Dar es salaam,Shelter and Mass Care,Constructing temporary shelters,Constructing temporary shelters,,Municipal Council,,
,Dar es salaam,Shelter and Mass Care,Managing and coordinating of shelter facilities,Managing and coordinating of shelter facilities,,Municipal Council,,
,Dar es salaam,Shelter and Mass Care,Maintaining order and security.,Maintaining order and security.,,Municipal Council,,
,Dar es salaam,Shelter and Mass Care,Supplying necessary equipment for running shelter facilities and mass care.,Supplying necessary equipment for running shelter facilities and mass care.,,Municipal Council,,
,Dar es salaam,Shelter and Mass Care,Handling logistics of relief items,Handling logistics of relief items,,Municipal Council,,
,Dar es salaam,Shelter and Mass Care,"Providing water, sanitaion and hygiene services","Providing water, sanitaion and hygiene services",,Municipal Council,,
,Dar es salaam,Shelter and Mass Care,Establishing preventive health services including control of communicable diseases in the shelters,Establishing preventive health services including control of communicable diseases in the shelters,,Municipal Council,,
,Dar es salaam,Shelter and Mass Care,Establishing preventive health services including control of communicable diseases in the shelters.,Establishing preventive health services including control of communicable diseases in the shelters.,,Municipal Council,,
,Dar es salaam,Shelter and Mass Care,Planning and opening of shelter facilities,Planning and opening of shelter facilities,,Tanzania Red Cross Society,,
,Dar es salaam,Shelter and Mass Care,Constructing temporary shelters,Constructing temporary shelters,,Tanzania Red Cross Society,,
,Dar es salaam,Shelter and Mass Care,Managing and coordinating of shelter facilities,Managing and coordinating of shelter facilities,,Tanzania Red Cross Society,,
,Dar es salaam,Shelter and Mass Care,"Maintaining key information about the disaster affected people (e.g. names, ages and sex)","Maintaining key information about the disaster affected people (e.g. names, ages and sex)",,Tanzania Red Cross Society,,
,Dar es salaam,Shelter and Mass Care,Performing family reunification,Performing family reunification,,Tanzania Red Cross Society,,
,Dar es salaam,Shelter and Mass Care,Providing psychosocial support to the affected people,Providing psychosocial support to the affected people,,Tanzania Red Cross Society,,
,Dar es salaam,Shelter and Mass Care,Establishing preventive health services including control of communicable diseases in the shelters,Establishing preventive health services including control of communicable diseases in the shelters,,Tanzania Red Cross Society,,
,Dar es salaam,Shelter and Mass Care,Supplying necessary equipment for running shelter facilities and mass care.,Supplying necessary equipment for running shelter facilities and mass care.,,Tanzania Red Cross Society,,
,Dar es salaam,Shelter and Mass Care,Handling logistics of relief items,Handling logistics of relief items,,Tanzania Red Cross Society,,
,Dar es salaam,Shelter and Mass Care,Providing health and medical services to the disaster victims and injured ones,Providing health and medical services to the disaster victims and injured ones,,Tanzania Red Cross Society,,
,Dar es salaam,Shelter and Mass Care,"Providing water, sanitaion and hygiene services","Providing water, sanitaion and hygiene services",,Tanzania Red Cross Society,,
,Dar es salaam,Shelter and Mass Care,Managing and coordinating of shelter facilities,Managing and coordinating of shelter facilities,,Hospitals,,
,Dar es salaam,Shelter and Mass Care,Establishing preventive health services including control of communicable diseases in the shelters,Establishing preventive health services including control of communicable diseases in the shelters,,Hospitals,,
,Dar es salaam,Shelter and Mass Care,Providing health and medical services to the disaster victims and injured ones,Providing health and medical services to the disaster victims and injured ones,,Hospitals,,
,Dar es salaam,Shelter and Mass Care,Constructing temporary shelters,Constructing temporary shelters,,Tanzania People's Defense Force,,
,Dar es salaam,Shelter and Mass Care,Supplying necessary equipment for running shelter facilities and mass care,Supplying necessary equipment for running shelter facilities and mass care,,Tanzania People's Defense Force,,
,Dar es salaam,Shelter and Mass Care,Maintaing order and security ,Maintaing order and security ,,Tanzania People's Defense Force,,
,Dar es salaam,Shelter and Mass Care,Providing water services,Providing water services,,Tanzania Fire and Rescue Force,,
,Dar es salaam,Shelter and Mass Care,Providing health and medical services to the disaster victims and injured ones.,Providing health and medical services to the disaster victims and injured ones.,,Ambulance Services,,
,Dar es salaam,Shelter and Mass Care,Performing family reunification.,Performing family reunification.,,Tanzania Police Force,,
,Dar es salaam,Shelter and Mass Care,Maintaining order and security.,Maintaining order and security.,,Tanzania Police Force,,
,Dar es salaam,Shelter and Mass Care,Providing electricity to the shelters.,Providing electricity to the shelters.,,Tanzania Electric Supply Company,,
,Dar es salaam,Shelter and Mass Care,Ensuring the provision of water services to the shelters.,Ensuring the provision of water services to the shelters.,,Dar es Salaam Water and Sewage Authority ,,
,Dar es salaam,Shelter and Mass Care,Providing waste water management services to the shelters,Providing waste water management services to the shelters,,Dar es Salaam Water and Sewage Authority ,,
,Dar es salaam,Shelter and Mass Care,Providing needed relief items.,Providing needed relief items.,,Non-Governmental Organizations,,
,Dar es salaam,Shelter and Mass Care,Providing needed relief items.,Providing needed relief items.,,Voluntary Organizations,,
,Dar es salaam,Shelter and Mass Care,Promoting water sanitation and hygiene practices to the evacuees in established shelters.,Promoting water sanitation and hygiene practices to the evacuees in established shelters.,,Non-Governmental Organizations and Voluntary Organizations,,
,Dar es salaam,Shelter and Mass Care,Promoting water sanitation and hygiene practices to the evacuees in established shelters.,Promoting water sanitation and hygiene practices to the evacuees in established shelters.,,Faith-Based Organizations and CBOs,,
,Dar es salaam,Shelter and Mass Care,Supplying necessary equipment for running shelter facilities and mass care.,Supplying necessary equipment for running shelter facilities and mass care.,,Faith-Based Organizations and CBOs,,
,Dar es salaam,Shelter and Mass Care,Maintaining order and security.,Maintaining order and security.,,Tanzania Scouts Association,,
,Dar es salaam,Emergency Public Information,Preparing and releasing disaster-related information to the public in regular media briefs.,Preparing and releasing disaster-related information to the public in regular media briefs.,,Regional Commissioner,Regional Commissioner's Office,
,Dar es salaam,Emergency Public Information,Controlling rumor,Controlling rumor,,Regional Commissioner,Tanzania Police Force,
,Dar es salaam,Emergency Public Information,Establishing Media Liaison Point and Media Liaison Officer to monitor information released by the media and ensuring flow of accurate information.,Establishing Media Liaison Point and Media Liaison Officer to monitor information released by the media and ensuring flow of accurate information.,,Planning and Coordination Department,,
,Dar es salaam,Emergency Public Information,Collaborating with disaster experts to develop public information related to risks and protective actions.,Collaborating with disaster experts to develop public information related to risks and protective actions.,,Planning and Coordination Department,,
,Dar es salaam,Emergency Public Information,Preparing and releasing disaster-related information to the public in regular media briefs.,Preparing and releasing disaster-related information to the public in regular media briefs.,,Tanzania Police Force,,
,Dar es salaam,Emergency Public Information,Controlling rumor.,Controlling rumor.,,Tanzania Police Force,,
,Dar es salaam,Emergency Public Information,Establishing Media Liaison Point and Media Liaison Officer to monitor information released by the media and ensuring flow of accurate information.,Establishing Media Liaison Point and Media Liaison Officer to monitor information released by the media and ensuring flow of accurate information.,,Tanzania Police Force,,
,Dar es salaam,Emergency Public Information,Collaborating with disaster experts to develop public information related to risks and protective actions.,Collaborating with disaster experts to develop public information related to risks and protective actions.,,Tanzania Police Force,,
,Dar es salaam,Emergency Public Information,Responding to public information inquiries.,Responding to public information inquiries.,,Tanzania Police Force,,
,Dar es salaam,Emergency Public Information,Broadcasting official released information about the disaster to the public.,Broadcasting official released information about the disaster to the public.,,Tanzania Police Force,,
,Dar es salaam,Damage Assessment,Coordinating damage assessment exercise,Coordinating damage assessment exercise,,Planning and Coordination Department,,
,Dar es salaam,Damage Assessment,"Assigning regional damage assessment teams and equipping them with the necessary resources (e.g. transport, tools, equipment and personnel)","Assigning regional damage assessment teams and equipping them with the necessary resources (e.g. transport, tools, equipment and personnel)",Municipal Councils,Planning and Coordination Department,Regional Commissioner's Office,
,Dar es salaam,Damage Assessment,Conducting damage assessment,Conducting damage assessment,,Planning and Coordination Department,Tanzania Red Cross Society,
,Dar es salaam,Damage Assessment,Conducting damage assessment,Conducting damage assessment,,Inftrastucture Regional Administrative Secretary Department,Tanzania People’s Defense Force,
,Dar es salaam,Damage Assessment,Sharing damage assessment with the Regional Disaster Management Team,Sharing damage assessment with the Regional Disaster Management Team,,Regional Administrative Secretary,Tanzania Police Force,
,Dar es salaam,Damage Assessment,"Assigning regional damage assessment teams and equipping them with the necessary resources (e.g. transport, tools, equipment and personnel).","Assigning regional damage assessment teams and equipping them with the necessary resources (e.g. transport, tools, equipment and personnel).",,Tanzania Red Cross Society,Private Sector,
,Dar es salaam,Damage Assessment,"All assigning regional damage assessment teams and equipping them with the necessary resources (e.g. transport, tools, equipment and personnel).","All assigning regional damage assessment teams and equipping them with the necessary resources (e.g. transport, tools, equipment and personnel).",,Tanzania People’s Defense Force,"Tanzania Fire and
Rescue Force",
,Dar es salaam,Damage Assessment,"All assigning regional damage assessment teams and equipping them with the necessary resources (e.g. transport, tools, equipment and personnel).","All assigning regional damage assessment teams and equipping them with the necessary resources (e.g. transport, tools, equipment and personnel).",,Tanzania Police Force,Tanzania National Roads Agency,
,Dar es salaam,Damage Assessment,"All assigning regional damage assessment teams and equipping them with the necessary resources (e.g. transport, tools, equipment and personnel).","All assigning regional damage assessment teams and equipping them with the necessary resources (e.g. transport, tools, equipment and personnel).",,Private Sector,Tanzania Electric Supply Company,
,Dar es salaam,Damage Assessment,"All assigning regional damage assessment teams and equipping them with the necessary resources (e.g. transport, tools, equipment and personnel).","All assigning regional damage assessment teams and equipping them with the necessary resources (e.g. transport, tools, equipment and personnel).",,"Tanzania Fire and
Rescue Force",Dar es Salaam Water and Sewerage Authority,
,Dar es salaam,Damage Assessment,"All assigning regional damage assessment teams and equipping them with the necessary resources (e.g. transport, tools, equipment and personnel).","All assigning regional damage assessment teams and equipping them with the necessary resources (e.g. transport, tools, equipment and personnel).",,Tanzania National Roads Agency ,,
,Dar es salaam,Damage Assessment,"All assigning regional damage assessment teams and equipping them with the necessary resources (e.g. transport, tools, equipment and personnel).","All assigning regional damage assessment teams and equipping them with the necessary resources (e.g. transport, tools, equipment and personnel).",,Tanzania Electric Supply Company,,
,Dar es salaam,Damage Assessment,"All assigning regional damage assessment teams and equipping them with the necessary resources (e.g. transport, tools, equipment and personnel).","All assigning regional damage assessment teams and equipping them with the necessary resources (e.g. transport, tools, equipment and personnel).",,Dar es Salaam Water and Sewage Authority ,,
,Dar es salaam,Damage Assessment,"All assigning regional damage assessment teams and equipping them with the necessary resources (e.g. transport, tools, equipment and personnel).","All assigning regional damage assessment teams and equipping them with the necessary resources (e.g. transport, tools, equipment and personnel).",,Municipal Councils,,
,Dar es salaam,Damage Assessment,"All assigning regional damage assessment teams and equipping them with the necessary resources (e.g. transport, tools, equipment and personnel).","All assigning regional damage assessment teams and equipping them with the necessary resources (e.g. transport, tools, equipment and personnel).",,Dar es Salaam Water and Sewerage Authority,,
,Dar es salaam,Public Works and Engineering,Coordinating all public works activities during disaster response that relate to emergency repair to the infRegional Administrative Secretarytructure and restoration of utility services.,Coordinating all public works activities during disaster response that relate to emergency repair to the infRegional Administrative Secretarytructure and restoration of utility services.,,Regional Administrative Secretary Department,Regional Commissioner's Office,
,Dar es salaam,Public Works and Engineering,Coordinating debris removal.,Coordinating debris removal.,,Regional Administrative Secretary Department,Tanzania National Roads Agency,
,Dar es salaam,Public Works and Engineering,"Inspecting, designating and demolishing public hazardous structures.","Inspecting, designating and demolishing public hazardous structures.",,Regional Administrative Secretary Department,Private Construction Companies,
,Dar es salaam,Public Works and Engineering,Supervising emergency road damage repair.,Supervising emergency road damage repair.,,Regional Administrative Secretary Department,Tanzania People’s Defense Force,
,Dar es salaam,Public Works and Engineering,Restoring road communications.,Restoring road communications.,,Regional Administrative Secretary Department,Tanzania Fire and Rescue Force,
,Dar es salaam,Public Works and Engineering,Providing alternative route to the traffic while road is under repair.,Providing alternative route to the traffic while road is under repair.,,Regional Administrative Secretary Department,Tanzania Police Force,
,Dar es salaam,Public Works and Engineering,Executing emergency repair to restore public infrastructure.,Executing emergency repair to restore public infrastructure.,,Regional Administrative Secretary Department,,
,Dar es salaam,Public Works and Engineering,Supervising emergency road damage repair.,Supervising emergency road damage repair.,,Tanzania National Roads Agency ,,
,Dar es salaam,Public Works and Engineering,Restoring road communications.,Restoring road communications.,,Tanzania National Roads Agency ,,
,Dar es salaam,Public Works and Engineering,Providing alternative route to the traffic while road is under repair.,Providing alternative route to the traffic while road is under repair.,,Tanzania National Roads Agency ,,
,Dar es salaam,Public Works and Engineering,Executing emergency repair to restore public infrastructure.,Executing emergency repair to restore public infrastructure.,,Tanzania National Roads Agency ,,
,Dar es salaam,Public Works and Engineering,"Inspecting, designating and demolishing public hazardous structures.","Inspecting, designating and demolishing public hazardous structures.",,Private Construction Companies,,
,Dar es salaam,Public Works and Engineering,Executing emergency repair to restore public infrastructure.,Executing emergency repair to restore public infrastructure.,,Private Construction Companies,,
,Dar es salaam,Public Works and Engineering,Lending out required working machinery and equipment during disaster response.,Lending out required working machinery and equipment during disaster response.,,Private Construction Companies,,
,Dar es salaam,Public Works and Engineering,Lending out required working machinery and equipment during disaster response.,Lending out required working machinery and equipment during disaster response.,,Tanzania People’s Defense Force,,
,Dar es salaam,Public Works and Engineering,"Inspecting, designating and demolishing public hazardous structures.","Inspecting, designating and demolishing public hazardous structures.",,Tanzania Fire and Rescue Force,,
,Dar es salaam,Public Works and Engineering,Providing alternative route to the traffic while road is under repair.,Providing alternative route to the traffic while road is under repair.,,Tanzania Police Force,,
,Dar es salaam,Utilities,Coordinating all emergency repair activities to restore utilities’ services.,Coordinating all emergency repair activities to restore utilities’ services.,,Tanzania Electric Supply Company,Tanzania National Roads Agency,
,Dar es salaam,Utilities,Deploying technical emergency response teams,Deploying technical emergency response teams,,Tanzania Electric Supply Company,Private Construction Companies,
,Dar es salaam,Utilities,Restoring the damaged electricity public infrastructure.,Restoring the damaged electricity public infrastructure.,,Tanzania Electric Supply Company,Tanzania People’s Defense Force,
,Dar es salaam,Utilities,Monitoring the repair work.,Monitoring the repair work.,,Tanzania Electric Supply Company,Tanzania Fire and Rescue Force,
,Dar es salaam,Utilities,"Arranging the provision of emergency power from other sources to hospitals, emergency shelters, other critical facilities and people.","Arranging the provision of emergency power from other sources to hospitals, emergency shelters, other critical facilities and people.",,Tanzania Electric Supply Company,Tanzania Police Force,
,Dar es salaam,Utilities,Coordinating all emergency repair activities to restore utilities’ services.,Coordinating all emergency repair activities to restore utilities’ services.,,Dar es Salaam Water and Sewerage Authority,,
,Dar es salaam,Utilities,Deploying technical emergency response teams.,Deploying technical emergency response teams.,,Dar es Salaam Water and Sewerage Authority,,
,Dar es salaam,Utilities,Restoring the damaged water public infrastructure.,Restoring the damaged water public infrastructure.,,Dar es Salaam Water and Sewerage Authority,,
,Dar es salaam,Utilities,Restoring the damaged electricity public infrastructure.,Restoring the damaged electricity public infrastructure.,,Dar es Salaam Water and Sewerage Authority,,
,Dar es salaam,Utilities,Monitoring the repair work.,Monitoring the repair work.,,Dar es Salaam Water and Sewerage Authority,,
,Dar es salaam,Utilities,"Arranging the provision of emergency water supply from other sources to hospitals, emergency shelters, other critical facilities and people.","Arranging the provision of emergency water supply from other sources to hospitals, emergency shelters, other critical facilities and people.",,Dar es Salaam Water and Sewerage Authority,,
,Dar es salaam,Utilities,Restoring the damaged electricity public infrastructure.,Restoring the damaged electricity public infrastructure.,,Private Utilities,,
,Dar es salaam,Utilities,"Arranging the provision of emergency water supply from other sources to hospitals, emergency shelters, other critical facilities and people.","Arranging the provision of emergency water supply from other sources to hospitals, emergency shelters, other critical facilities and people.",,Tanzania Fire and Rescue Force,,
,Dar es salaam,Utilities,"Arranging the provision of emergency water supply from other sources to hospitals, emergency shelters, other critical facilities and people.","Arranging the provision of emergency water supply from other sources to hospitals, emergency shelters, other critical facilities and people.",,Municipal Councils,,
,Dar es salaam,Resources Management and Supply,"Identifying specific goods, services and personnel and communicating for resource mobilization and allocation ","Identifying specific goods, services and personnel and communicating for resource mobilization and allocation ",Hospitals,Planning and Coordination Department,"Regional
Commissioner's Office",
,Dar es salaam,Resources Management and Supply,Soliciting required resources from within and outside the government,Soliciting required resources from within and outside the government,Municipal Councils,"Regional
Commissioner",Tanzania Red Cross Society,
,Dar es salaam,Resources Management and Supply,"Coordinating logistics for relief supplies (procurement, transportation, storage, distribution and inventory management of relief items), donations, medical staff and equipment","Coordinating logistics for relief supplies (procurement, transportation, storage, distribution and inventory management of relief items), donations, medical staff and equipment",,Planning and Coordination Department,Tanzania People’s Defense Force,
,Dar es salaam,Resources Management and Supply,Soliciting required resources from within and outside the government.,Soliciting required resources from within and outside the government.,,Tanzania Red Cross Society,Private Sector,
,Dar es salaam,Resources Management and Supply,"Coordinating logistics for relief supplies (procurement, transportation, storage, distribution and inventory management of relief items), donations, medical staff and equipment","Coordinating logistics for relief supplies (procurement, transportation, storage, distribution and inventory management of relief items), donations, medical staff and equipment",,Tanzania Red Cross Society,,
,Dar es salaam,Resources Management and Supply,Soliciting required resources from within and outside the government.,Soliciting required resources from within and outside the government.,,Municipal Council,,
,Dar es salaam,Resources Management and Supply,"Coordinating logistics for relief supplies (procurement, transportation, storage, distribution and inventory management of relief items), donations, medical staff and equipment.","Coordinating logistics for relief supplies (procurement, transportation, storage, distribution and inventory management of relief items), donations, medical staff and equipment.",,Tanzania People’s Defense Force,,
,Dar es salaam,Resources Management and Supply,"Coordinating logistics for relief supplies (procurement, transportation, storage, distribution and inventory management of relief items), donations, medical staff and equipment.","Coordinating logistics for relief supplies (procurement, transportation, storage, distribution and inventory management of relief items), donations, medical staff and equipment.",,Hospitals,,
,Dar es salaam,Resources Management and Supply,"Coordinating logistics for relief supplies (procurement, transportation, storage, distribution and inventory management of relief items), donations, medical staff and equipment.","Coordinating logistics for relief supplies (procurement, transportation, storage, distribution and inventory management of relief items), donations, medical staff and equipment.",,Private Sector,,
,Dar es salaam,Transportation,Determining available transport networks and alternative means and modes to move people and goods within the disaster affected area,Determining available transport networks and alternative means and modes to move people and goods within the disaster affected area,Hospitals,Administration and Logistics Department,Regional Commissioner's Office,
,Dar es salaam,Transportation,Identifying and coordinating allocation of transportation resources per requirements,Identifying and coordinating allocation of transportation resources per requirements,Ambulance Services,Planning and Coordination Department,Tanzania Red Cross Society,
,Dar es salaam,Transportation,"Transporting relief items, volunteers and affected population to the intended destination","Transporting relief items, volunteers and affected population to the intended destination",Transport Agencies,Administration and Logistics Department,Tanzania People’s Defense Force,
,Dar es salaam,Transportation,Dispatching ambulance for transportation of the disaster affected victims to the health facilities.,Dispatching ambulance for transportation of the disaster affected victims to the health facilities.,,Ambulance Services,Tanzania Police Force:,
,Dar es salaam,Transportation,"Transporting relief items, volunteers and affected population to the intended destination.","Transporting relief items, volunteers and affected population to the intended destination.",,Ambulance Services,Tanzania Scouts Association,
,Dar es salaam,Transportation,Controlling the traffic.,Controlling the traffic.,,Tanzania Police Force:,,
,Dar es salaam,Transportation,Determining available transport networks and alternative means and modes to move people and goods within the disaster affected area.,Determining available transport networks and alternative means and modes to move people and goods within the disaster affected area.,,Tanzania Police Force:,,
,Dar es salaam,Transportation,"Transporting relief items, volunteers and affected population to the intended destination.","Transporting relief items, volunteers and affected population to the intended destination.",,Tanzania Police Force:,,
,Dar es salaam,Transportation,"Transporting relief items, volunteers, and affected population to the intended destination.","Transporting relief items, volunteers, and affected population to the intended destination.",,Tanzania Red Cross Society,,
,Dar es salaam,Transportation,Determining available transport networks and alternative means and modes to move people and goods within the disaster affected area.,Determining available transport networks and alternative means and modes to move people and goods within the disaster affected area.,,Tanzania People’s Defense Force,,
,Dar es salaam,Transportation,"Transporting relief items, volunteers and affected population to the intended destination.","Transporting relief items, volunteers and affected population to the intended destination.",,Tanzania People’s Defense Force,,
,Dar es salaam,Transportation,Controlling the traffic.,Controlling the traffic.,,Tanzania People’s Defense Force,,
,Dar es salaam,Transportation,"Transporting relief items, volunteers and affected population to the intended destination.","Transporting relief items, volunteers and affected population to the intended destination.",,Transport Agencies,,
,Dar es salaam,Transportation,Controlling the crowd,Controlling the crowd,,Tanzania Scouts Association,,
,Dar es salaam,Dead Bodies Management,Establishing temporary mortuary at a designated site for caring of human remains.,Establishing temporary mortuary at a designated site for caring of human remains.,Hospitals,Hospitals,Tanzania Police Force,
,Dar es salaam,Dead Bodies Management,Identifying and collecting dead bodies.,Identifying and collecting dead bodies.,Municipal Council,Hospitals,Tanzania Red Cross Society,
,Dar es salaam,Dead Bodies Management,Transporting dead bodies to the mortuary.,Transporting dead bodies to the mortuary.,,Hospitals,,
,Dar es salaam,Dead Bodies Management,Quantifying and registering dead bodies that have been handled or require handling.,Quantifying and registering dead bodies that have been handled or require handling.,,Hospitals,,
,Dar es salaam,Dead Bodies Management,Determining causes of deaths.,Determining causes of deaths.,,Hospitals,,
,Dar es salaam,Dead Bodies Management,Consolidating information on deaths.,Consolidating information on deaths.,,Hospitals,,
,Dar es salaam,Dead Bodies Management,Establishing temporary mortuary at a designated site for caring of human remains.,Establishing temporary mortuary at a designated site for caring of human remains.,,Tanzania Police Force,,
,Dar es salaam,Dead Bodies Management,Transporting dead bodies to the mortuary.,Transporting dead bodies to the mortuary.,,Tanzania Police Force,,
,Dar es salaam,Dead Bodies Management,Quantifying and registering dead bodies that have been handled or require handling.,Quantifying and registering dead bodies that have been handled or require handling.,,Tanzania Police Force,,
,Dar es salaam,Dead Bodies Management,Determining causes of deaths.,Determining causes of deaths.,,Tanzania Police Force,,
,Dar es salaam,Dead Bodies Management,Consolidating information on deaths.,Consolidating information on deaths.,,Tanzania Police Force,,
,Dar es salaam,Dead Bodies Management,Locating and notifying relatives.,Locating and notifying relatives.,,Tanzania Police Force,,
,Dar es salaam,Dead Bodies Management,Consolidating information on deaths.,Consolidating information on deaths.,,Tanzania Red Cross Society,,
,Dar es salaam,Dead Bodies Management,Locating and notifying relatives.,Locating and notifying relatives.,,Tanzania Red Cross Society,,
,Dar es salaam,Dead Bodies Management,Establishing temporary mortuary at a designated site for caring of human remains.,Establishing temporary mortuary at a designated site for caring of human remains.,,Municipal Council,,
,Dar es salaam,Dead Bodies Management,Consolidating information on deaths.,Consolidating information on deaths.,,Municipal Council,,
,Dar es salaam,Dead Bodies Management,Locating and notifying relatives.,Locating and notifying relatives.,,Municipal Council,,
,Dar es salaam,Dead Bodies Management,Conducting burial of unidentified bodies or of those who pose a health risk.,Conducting burial of unidentified bodies or of those who pose a health risk.,,Municipal Council,,